sr.no,name,matches,runs,catches,wickets,stumpings,bowling_average,cbmr
2,Rohan Kanhay,144,1256,76,178,0,7.056179775280899,0.5277777777777778
4,Bahubali,10,756,6,11,3,68.72727272727273,0.6
7,Dinesh Roy,211,8537,112,16,0,533.5625,0.5308056872037915
10,Litesh Singh,89,1099,46,49,0,22.428571428571427,0.5168539325842697
